true_values,predicted_values,abs_loss
1.753,1.361,0.3919999999999999
2.373,1.753,0.6200000000000003
2.75,2.373,0.3769999999999998
2.292,2.75,0.4580000000000002
2.021,2.292,0.2709999999999999
2.089,2.021,0.06800000000000006
1.984,2.089,0.10499999999999998
1.92,1.984,0.06400000000000006
2.023,1.92,0.1030000000000002
2.408,2.023,0.3849999999999998
2.589,2.408,0.18100000000000005
2.445,2.589,0.14400000000000013
2.449,2.445,0.0040000000000000036
2.268,2.449,0.18100000000000005
2.278,2.268,0.010000000000000231
2.32,2.278,0.041999999999999815
2.262,2.32,0.05799999999999983
2.279,2.262,0.016999999999999904
2.312,2.279,0.03299999999999992
2.339,2.312,0.027000000000000135
2.446,2.339,0.1070000000000002
2.526,2.446,0.07999999999999963
2.738,2.526,0.2120000000000002
2.726,2.738,0.01200000000000001
1.898,2.726,0.8280000000000001
1.389,1.898,0.5089999999999999
1.287,1.389,0.10200000000000009
1.227,1.287,0.05999999999999983
0.914,1.227,0.31300000000000006
0.768,0.914,0.14600000000000002
0.837,0.768,0.06899999999999995
0.916,0.837,0.07900000000000007
0.835,0.916,0.08100000000000007
0.769,0.835,0.06599999999999995
0.64,0.769,0.129
0.627,0.64,0.013000000000000012
0.614,0.627,0.013000000000000012
0.518,0.614,0.09599999999999997
0.586,0.518,0.06799999999999995
0.798,0.586,0.21200000000000008
0.846,0.798,0.04799999999999993
0.726,0.846,0.12
0.68,0.726,0.04599999999999993
0.751,0.68,0.07099999999999995
0.915,0.751,0.16400000000000003
1.191,0.915,0.276
1.519,1.191,0.32799999999999985
1.813,1.519,0.29400000000000004
2.356,1.813,0.5429999999999999
3.334,2.356,0.9780000000000002
4.021,3.334,0.6869999999999998
3.938,4.021,0.08299999999999974
3.985,3.938,0.04699999999999971
4.452,3.985,0.4670000000000001
4.796,4.452,0.3440000000000003
5.575,4.796,0.7789999999999999
5.583,5.575,0.008000000000000007
5.729,5.583,0.1459999999999999
5.868,5.729,0.13900000000000023
5.982,5.868,0.11399999999999988
5.998,5.982,0.016000000000000014
5.732,5.998,0.266
5.767,5.732,0.03500000000000014
5.9,5.767,0.133
5.87,5.9,0.03000000000000025
6.632,5.87,0.7619999999999996
6.984,6.632,0.3520000000000003
6.175,6.984,0.8090000000000002
6.139,6.175,0.03599999999999959
5.957,6.139,0.18200000000000038
5.675,5.957,0.28200000000000003
4.945,5.675,0.7299999999999995
4.27,4.945,0.6750000000000007
3.716,4.27,0.5539999999999994
3.306,3.716,0.41000000000000014
3.081,3.306,0.2250000000000001
2.066,3.081,1.0150000000000001
1.499,2.066,0.5669999999999997
1.241,1.499,0.258
0.939,1.241,0.30200000000000016
0.896,0.939,0.04299999999999993
0.94,0.896,0.04399999999999993
1.112,0.94,0.17200000000000015
1.186,1.112,0.07399999999999984
1.286,1.186,0.10000000000000009
1.274,1.286,0.01200000000000001
1.174,1.274,0.10000000000000009
1.053,1.174,0.121
0.811,1.053,0.24199999999999988
0.767,0.811,0.04400000000000004
0.918,0.767,0.15100000000000002
1.041,0.918,0.12299999999999989
0.98,1.041,0.06099999999999994
0.769,0.98,0.21099999999999997
0.675,0.769,0.09399999999999997
0.687,0.675,0.01200000000000001
0.843,0.687,0.15599999999999992
0.971,0.843,0.128
1.206,0.971,0.235
1.498,1.206,0.29200000000000004
1.464,1.498,0.03400000000000003
1.436,1.464,0.028000000000000025
1.544,1.436,0.1080000000000001
1.862,1.544,0.31800000000000006
2.193,1.862,0.33099999999999996
2.551,2.193,0.3580000000000001
2.761,2.551,0.20999999999999996
2.891,2.761,0.1299999999999999
3.19,2.891,0.29899999999999993
3.01,3.19,0.18000000000000016
3.068,3.01,0.058000000000000274
5.212,3.068,2.1439999999999997
9.24,5.212,4.0280000000000005
10.366,9.24,1.1259999999999994
5.808,10.366,4.558
2.566,5.808,3.242
1.044,2.566,1.5219999999999998
0.343,1.044,0.7010000000000001
0.253,0.343,0.09000000000000002
0.703,0.253,0.44999999999999996
1.193,0.703,0.4900000000000001
0.916,1.193,0.277
2.465,0.916,1.549
3.471,2.465,1.0060000000000002
2.071,3.471,1.4
1.228,2.071,0.8430000000000002
1.666,1.228,0.43799999999999994
2.858,1.666,1.1920000000000002
2.286,2.858,0.5720000000000001
1.656,2.286,0.6300000000000001
1.522,1.656,0.1339999999999999
1.763,1.522,0.24099999999999988
2.079,1.763,0.3160000000000003
2.316,2.079,0.23699999999999966
2.24,2.316,0.07599999999999962
2.449,2.24,0.20899999999999963
3.299,2.449,0.8500000000000001
4.52,3.299,1.2209999999999996
5.234,4.52,0.7140000000000004
5.434,5.234,0.20000000000000018
5.717,5.434,0.2829999999999995
6.167,5.717,0.4500000000000002
6.695,6.167,0.5280000000000005
6.913,6.695,0.21799999999999997
6.589,6.913,0.32399999999999984
6.151,6.589,0.4380000000000006
5.962,6.151,0.18900000000000006
5.968,5.962,0.006000000000000227
6.084,5.968,0.11599999999999966
6.311,6.084,0.2270000000000003
6.64,6.311,0.32899999999999974
7.067,6.64,0.4270000000000005
7.415,7.067,0.34799999999999986
7.694,7.415,0.2789999999999999
7.72,7.694,0.0259999999999998
7.894,7.72,0.17400000000000038
7.988,7.894,0.0940000000000003
7.743,7.988,0.2450000000000001
7.444,7.743,0.2990000000000004
7.426,7.444,0.017999999999999794
7.364,7.426,0.06200000000000028
7.415,7.364,0.051000000000000156
7.65,7.415,0.23500000000000032
7.815,7.65,0.16500000000000004
8.19,7.815,0.3749999999999991
8.381,8.19,0.19100000000000072
8.451,8.381,0.07000000000000028
8.599,8.451,0.1479999999999997
8.746,8.599,0.14700000000000024
8.798,8.746,0.0519999999999996
8.501,8.798,0.2970000000000006
8.202,8.501,0.2989999999999995
7.947,8.202,0.2549999999999999
7.445,7.947,0.5019999999999998
7.112,7.445,0.3330000000000002
7.084,7.112,0.02800000000000047
7.127,7.084,0.04300000000000015
6.995,7.127,0.13199999999999967
6.282,6.995,0.7130000000000001
5.992,6.282,0.29000000000000004
6.062,5.992,0.07000000000000028
6.123,6.062,0.06099999999999994
6.205,6.123,0.08199999999999985
6.039,6.205,0.16600000000000037
5.962,6.039,0.07699999999999996
6.567,5.962,0.6050000000000004
7.308,6.567,0.7409999999999997
8.38,7.308,1.072000000000001
9.009,8.38,0.6289999999999996
9.536,9.009,0.5269999999999992
9.216,9.536,0.3200000000000003
5.432,9.216,3.783999999999999
1.857,5.432,3.575
0.288,1.857,1.569
2.171,0.288,1.8829999999999998
6.31,2.171,4.138999999999999
8.627,6.31,2.317000000000001
9.68,8.627,1.052999999999999
10.885,9.68,1.205
5.92,10.885,4.965
3.014,5.92,2.906
3.262,3.014,0.24800000000000022
3.416,3.262,0.15399999999999991
2.975,3.416,0.44099999999999984
2.202,2.975,0.7730000000000001
2.22,2.202,0.018000000000000238
3.108,2.22,0.8879999999999999
4.084,3.108,0.9759999999999995
5.903,4.084,1.819
7.533,5.903,1.6300000000000008
7.57,7.533,0.03699999999999992
7.253,7.57,0.31700000000000017
6.148,7.253,1.1050000000000004
4.378,6.148,1.7699999999999996
4.36,4.378,0.017999999999999794
5.314,4.36,0.9539999999999997
4.65,5.314,0.6639999999999997
3.625,4.65,1.0250000000000004
2.666,3.625,0.9590000000000001
1.93,2.666,0.736
1.598,1.93,0.33199999999999985
1.629,1.598,0.030999999999999917
1.544,1.629,0.08499999999999996
1.519,1.544,0.025000000000000133
1.344,1.519,0.17499999999999982
0.789,1.344,0.555
0.493,0.789,0.29600000000000004
0.38,0.493,0.11299999999999999
0.472,0.38,0.09199999999999997
0.356,0.472,0.11599999999999999
0.16,0.356,0.19599999999999998
0.071,0.16,0.08900000000000001
0.036,0.071,0.034999999999999996
0.003,0.036,0.032999999999999995
0.0,0.003,0.003
0.002,0.0,0.002
0.009,0.002,0.006999999999999999
0.0,0.009,0.009
0.0,0.0,0.0
0.0,0.0,0.0
0.0,0.0,0.0
0.0,0.0,0.0
0.0,0.0,0.0
0.0,0.0,0.0
0.0,0.0,0.0
0.0,0.0,0.0
0.0,0.0,0.0
0.0,0.0,0.0
0.0,0.0,0.0
0.009,0.0,0.009
0.027,0.009,0.018000000000000002
0.041,0.027,0.014000000000000002
0.122,0.041,0.08099999999999999
0.661,0.122,0.539
0.928,0.661,0.267
1.27,0.928,0.34199999999999997
1.232,1.27,0.038000000000000034
0.675,1.232,0.5569999999999999
0.206,0.675,0.4690000000000001
0.06,0.206,0.146
0.048,0.06,0.011999999999999997
0.042,0.048,0.005999999999999998
0.054,0.042,0.011999999999999997
0.093,0.054,0.039
0.391,0.093,0.29800000000000004
0.517,0.391,0.126
0.451,0.517,0.066
0.366,0.451,0.08500000000000002
0.307,0.366,0.059
0.17,0.307,0.13699999999999998
0.074,0.17,0.09600000000000002
0.187,0.074,0.113
0.704,0.187,0.5169999999999999
0.621,0.704,0.08299999999999996
0.571,0.621,0.050000000000000044
0.686,0.571,0.1150000000000001
0.08,0.686,0.6060000000000001
0.0,0.08,0.08
0.0,0.0,0.0
0.0,0.0,0.0
0.0,0.0,0.0
0.0,0.0,0.0
0.0,0.0,0.0
0.0,0.0,0.0
0.0,0.0,0.0
0.0,0.0,0.0
0.0,0.0,0.0
0.0,0.0,0.0
0.0,0.0,0.0
0.001,0.0,0.001
0.018,0.001,0.016999999999999998
0.027,0.018,0.009000000000000001
0.042,0.027,0.015000000000000003
0.086,0.042,0.04399999999999999
0.427,0.086,0.34099999999999997
0.348,0.427,0.07900000000000001
0.089,0.348,0.259
0.071,0.089,0.018000000000000002
0.064,0.071,0.006999999999999992
0.066,0.064,0.0020000000000000018
0.314,0.066,0.248
0.652,0.314,0.338
0.508,0.652,0.14400000000000002
0.125,0.508,0.383
0.077,0.125,0.048
0.071,0.077,0.006000000000000005
0.068,0.071,0.002999999999999989
0.069,0.068,0.0010000000000000009
0.045,0.069,0.024000000000000007
0.014,0.045,0.031
0.0,0.014,0.014
0.0,0.0,0.0
0.0,0.0,0.0
0.0,0.0,0.0
0.0,0.0,0.0
0.0,0.0,0.0
0.027,0.0,0.027
0.048,0.027,0.021
0.074,0.048,0.025999999999999995
0.296,0.074,0.22199999999999998
0.59,0.296,0.294
0.766,0.59,0.17600000000000005
0.879,0.766,0.11299999999999999
0.909,0.879,0.030000000000000027
0.816,0.909,0.09300000000000008
0.577,0.816,0.239
0.351,0.577,0.22599999999999998
0.176,0.351,0.175
0.107,0.176,0.06899999999999999
0.161,0.107,0.054000000000000006
0.281,0.161,0.12000000000000002
0.446,0.281,0.16499999999999998
0.551,0.446,0.10500000000000004
0.66,0.551,0.10899999999999999
0.993,0.66,0.33299999999999996
1.196,0.993,0.20299999999999996
1.083,1.196,0.11299999999999999
0.836,1.083,0.247
0.682,0.836,0.15399999999999991
0.71,0.682,0.027999999999999914
0.729,0.71,0.019000000000000017
0.833,0.729,0.10399999999999998
0.836,0.833,0.0030000000000000027
0.954,0.836,0.118
1.396,0.954,0.44199999999999995
1.94,1.396,0.544
2.361,1.94,0.42100000000000026
1.992,2.361,0.3690000000000002
1.738,1.992,0.254
1.443,1.738,0.29499999999999993
0.993,1.443,0.45000000000000007
0.893,0.993,0.09999999999999998
0.698,0.893,0.19500000000000006
0.577,0.698,0.121
0.494,0.577,0.08299999999999996
0.408,0.494,0.08600000000000002
0.29,0.408,0.118
0.207,0.29,0.08299999999999999
0.248,0.207,0.04100000000000001
0.45,0.248,0.202
0.65,0.45,0.2
0.694,0.65,0.04399999999999993
0.63,0.694,0.06399999999999995
0.635,0.63,0.0050000000000000044
0.604,0.635,0.031000000000000028
0.417,0.604,0.187
0.081,0.417,0.33599999999999997
0.053,0.081,0.028000000000000004
0.033,0.053,0.019999999999999997
0.023,0.033,0.010000000000000002
0.025,0.023,0.0020000000000000018
0.025,0.025,0.0
0.018,0.025,0.007000000000000003
0.0,0.018,0.018
0.0,0.0,0.0
0.0,0.0,0.0
0.0,0.0,0.0
0.0,0.0,0.0
0.0,0.0,0.0
0.0,0.0,0.0
0.0,0.0,0.0
0.0,0.0,0.0
0.0,0.0,0.0
0.0,0.0,0.0
0.0,0.0,0.0
0.0,0.0,0.0
0.0,0.0,0.0
0.018,0.0,0.018
0.044,0.018,0.026
0.078,0.044,0.034
0.233,0.078,0.15500000000000003
0.273,0.233,0.04000000000000001
0.401,0.273,0.128
0.544,0.401,0.14300000000000002
0.756,0.544,0.21199999999999997
0.891,0.756,0.135
1.182,0.891,0.2909999999999999
1.353,1.182,0.17100000000000004
1.502,1.353,0.14900000000000002
1.393,1.502,0.10899999999999999
1.333,1.393,0.06000000000000005
1.328,1.333,0.004999999999999893
1.231,1.328,0.09699999999999998
1.346,1.231,0.11499999999999999
1.513,1.346,0.16699999999999982
1.561,1.513,0.04800000000000004
1.549,1.561,0.01200000000000001
1.709,1.549,0.16000000000000014
2.048,1.709,0.33899999999999997
2.338,2.048,0.29000000000000004
2.811,2.338,0.47299999999999986
3.336,2.811,0.5249999999999999
3.79,3.336,0.4540000000000002
4.214,3.79,0.4240000000000004
3.798,4.214,0.41600000000000037
3.383,3.798,0.41500000000000004
2.852,3.383,0.5310000000000001
2.484,2.852,0.3679999999999999
1.987,2.484,0.4969999999999999
1.723,1.987,0.264
1.29,1.723,0.43300000000000005
1.11,1.29,0.17999999999999994
1.187,1.11,0.07699999999999996
1.302,1.187,0.11499999999999999
1.626,1.302,0.32399999999999984
1.808,1.626,0.18200000000000016
1.818,1.808,0.010000000000000009
1.765,1.818,0.05300000000000016
1.772,1.765,0.007000000000000117
1.734,1.772,0.038000000000000034
1.658,1.734,0.07600000000000007
1.509,1.658,0.14900000000000002
1.307,1.509,0.20199999999999996
1.325,1.307,0.018000000000000016
1.533,1.325,0.20799999999999996
1.771,1.533,0.238
1.808,1.771,0.037000000000000144
1.721,1.808,0.08699999999999997
1.546,1.721,0.17500000000000004
1.389,1.546,0.15700000000000003
1.325,1.389,0.06400000000000006
1.093,1.325,0.23199999999999998
0.858,1.093,0.235
0.741,0.858,0.11699999999999999
0.687,0.741,0.05399999999999994
0.725,0.687,0.03799999999999992
0.691,0.725,0.03400000000000003
0.565,0.691,0.126
0.384,0.565,0.18099999999999994
0.085,0.384,0.299
0.032,0.085,0.053000000000000005
0.0,0.032,0.032
0.065,0.0,0.065
5.847,0.065,5.782
16.0,5.847,10.152999999999999
7.787,16.0,8.213000000000001
0.065,7.787,7.7219999999999995
0.0,0.065,0.065
0.0,0.0,0.0
0.0,0.0,0.0
0.2,0.0,0.2
1.785,0.2,1.585
2.604,1.785,0.8190000000000002
2.959,2.604,0.355
2.208,2.959,0.7509999999999999
1.905,2.208,0.30300000000000016
2.048,1.905,0.14300000000000002
2.093,2.048,0.04499999999999993
2.218,2.093,0.125
2.513,2.218,0.29499999999999993
3.247,2.513,0.734
4.128,3.247,0.8810000000000002
3.66,4.128,0.46799999999999997
1.939,3.66,1.721
1.174,1.939,0.7650000000000001
0.08,1.174,1.0939999999999999
0.034,0.08,0.046
0.056,0.034,0.022
0.086,0.056,0.029999999999999992
0.05,0.086,0.03599999999999999
0.024,0.05,0.026000000000000002
0.022,0.024,0.0020000000000000018
0.016,0.022,0.005999999999999998
0.0,0.016,0.016
0.0,0.0,0.0
0.0,0.0,0.0
0.0,0.0,0.0
0.0,0.0,0.0
0.0,0.0,0.0
0.0,0.0,0.0
0.0,0.0,0.0
0.0,0.0,0.0
0.0,0.0,0.0
0.0,0.0,0.0
0.0,0.0,0.0
0.0,0.0,0.0
0.0,0.0,0.0
0.0,0.0,0.0
0.0,0.0,0.0
0.0,0.0,0.0
0.0,0.0,0.0
0.0,0.0,0.0
0.0,0.0,0.0
0.0,0.0,0.0
0.0,0.0,0.0
0.0,0.0,0.0
0.0,0.0,0.0
0.0,0.0,0.0
0.0,0.0,0.0
0.0,0.0,0.0
0.0,0.0,0.0
0.0,0.0,0.0
0.015,0.0,0.015
0.016,0.015,0.0010000000000000009
0.037,0.016,0.020999999999999998
0.063,0.037,0.026000000000000002
0.045,0.063,0.018000000000000002
0.031,0.045,0.013999999999999999
0.035,0.031,0.0040000000000000036
0.051,0.035,0.015999999999999993
0.075,0.051,0.024
0.135,0.075,0.06000000000000001
0.187,0.135,0.05199999999999999
0.204,0.187,0.016999999999999987
0.183,0.204,0.02099999999999999
0.25,0.183,0.067
0.57,0.25,0.31999999999999995
1.229,0.57,0.6590000000000001
1.384,1.229,0.1549999999999998
1.354,1.384,0.029999999999999805
1.866,1.354,0.512
2.145,1.866,0.2789999999999999
2.527,2.145,0.3820000000000001
2.396,2.527,0.13100000000000023
2.129,2.396,0.2669999999999999
1.63,2.129,0.4990000000000001
0.844,1.63,0.7859999999999999
0.389,0.844,0.45499999999999996
0.068,0.389,0.321
0.044,0.068,0.024000000000000007
0.059,0.044,0.015
0.334,0.059,0.275
1.107,0.334,0.7729999999999999
2.337,1.107,1.2300000000000002
3.585,2.337,1.2479999999999998
5.02,3.585,1.4349999999999996
6.433,5.02,1.4130000000000003
6.939,6.433,0.5060000000000002
7.783,6.939,0.8440000000000003
8.758,7.783,0.9749999999999988
8.24,8.758,0.5179999999999989
8.322,8.24,0.08199999999999896
7.015,8.322,1.3069999999999995
5.378,7.015,1.6369999999999996
5.504,5.378,0.12599999999999945
5.327,5.504,0.1769999999999996
4.654,5.327,0.673
4.263,4.654,0.391
4.103,4.263,0.16000000000000014
4.179,4.103,0.07600000000000051
3.923,4.179,0.2560000000000002
3.251,3.923,0.6720000000000002
2.552,3.251,0.6989999999999998
2.149,2.552,0.403
1.89,2.149,0.2590000000000001
1.657,1.89,0.23299999999999987
1.555,1.657,0.10200000000000009
1.488,1.555,0.06699999999999995
1.326,1.488,0.16199999999999992
1.149,1.326,0.17700000000000005
1.225,1.149,0.07600000000000007
1.273,1.225,0.04799999999999982
1.217,1.273,0.05599999999999983
1.269,1.217,0.051999999999999824
1.396,1.269,0.127
1.34,1.396,0.05599999999999983
1.11,1.34,0.22999999999999998
0.892,1.11,0.21800000000000008
0.765,0.892,0.127
0.747,0.765,0.018000000000000016
0.777,0.747,0.030000000000000027
0.812,0.777,0.03500000000000003
0.786,0.812,0.026000000000000023
0.762,0.786,0.02400000000000002
0.816,0.762,0.05399999999999994
0.808,0.816,0.007999999999999896
0.751,0.808,0.05700000000000005
0.751,0.751,0.0
0.781,0.751,0.030000000000000027
0.718,0.781,0.06300000000000006
0.609,0.718,0.10899999999999999
0.657,0.609,0.04800000000000004
0.662,0.657,0.0050000000000000044
0.522,0.662,0.14
0.4,0.522,0.122
0.346,0.4,0.05400000000000005
0.287,0.346,0.059
0.413,0.287,0.126
0.659,0.413,0.24600000000000005
0.836,0.659,0.17699999999999994
1.172,0.836,0.33599999999999997
1.473,1.172,0.30100000000000016
1.706,1.473,0.23299999999999987
1.736,1.706,0.030000000000000027
1.668,1.736,0.06800000000000006
1.567,1.668,0.10099999999999998
1.421,1.567,0.1459999999999999
1.193,1.421,0.22799999999999998
0.8,1.193,0.393
0.543,0.8,0.257
0.306,0.543,0.23700000000000004
0.084,0.306,0.22199999999999998
0.067,0.084,0.017
0.049,0.067,0.018000000000000002
0.035,0.049,0.013999999999999999
0.038,0.035,0.0029999999999999957
0.042,0.038,0.0040000000000000036
0.039,0.042,0.0030000000000000027
0.037,0.039,0.0020000000000000018
0.04,0.037,0.0030000000000000027
0.036,0.04,0.0040000000000000036
0.029,0.036,0.006999999999999996
0.017,0.029,0.012
0.016,0.017,0.0010000000000000009
0.022,0.016,0.005999999999999998
0.018,0.022,0.004
0.013,0.018,0.004999999999999999
0.0,0.013,0.013
0.0,0.0,0.0
0.0,0.0,0.0
0.0,0.0,0.0
0.0,0.0,0.0
0.0,0.0,0.0
0.0,0.0,0.0
0.0,0.0,0.0
0.0,0.0,0.0
0.0,0.0,0.0
0.0,0.0,0.0
0.0,0.0,0.0
0.0,0.0,0.0
0.0,0.0,0.0
0.0,0.0,0.0
0.0,0.0,0.0
0.0,0.0,0.0
0.0,0.0,0.0
0.0,0.0,0.0
0.0,0.0,0.0
0.0,0.0,0.0
0.0,0.0,0.0
0.0,0.0,0.0
0.0,0.0,0.0
0.0,0.0,0.0
0.0,0.0,0.0
0.0,0.0,0.0
0.0,0.0,0.0
0.0,0.0,0.0
0.0,0.0,0.0
0.0,0.0,0.0
0.0,0.0,0.0
0.0,0.0,0.0
0.0,0.0,0.0
0.0,0.0,0.0
0.0,0.0,0.0
0.0,0.0,0.0
0.0,0.0,0.0
0.0,0.0,0.0
0.0,0.0,0.0
0.0,0.0,0.0
0.0,0.0,0.0
0.0,0.0,0.0
0.0,0.0,0.0
0.0,0.0,0.0
0.0,0.0,0.0
0.0,0.0,0.0
0.0,0.0,0.0
0.0,0.0,0.0
0.0,0.0,0.0
0.0,0.0,0.0
0.0,0.0,0.0
0.0,0.0,0.0
0.0,0.0,0.0
0.0,0.0,0.0
0.0,0.0,0.0
0.0,0.0,0.0
0.0,0.0,0.0
0.0,0.0,0.0
0.0,0.0,0.0
0.0,0.0,0.0
0.0,0.0,0.0
0.0,0.0,0.0
0.0,0.0,0.0
0.0,0.0,0.0
0.0,0.0,0.0
0.0,0.0,0.0
0.0,0.0,0.0
0.0,0.0,0.0
0.0,0.0,0.0
0.0,0.0,0.0
0.0,0.0,0.0
0.002,0.0,0.002
0.002,0.002,0.0
0.004,0.002,0.002
0.0,0.004,0.004
0.0,0.0,0.0
0.0,0.0,0.0
0.0,0.0,0.0
0.006,0.0,0.006
0.01,0.006,0.004
0.005,0.01,0.005
0.0,0.005,0.005
0.0,0.0,0.0
0.0,0.0,0.0
0.008,0.0,0.008
0.018,0.008,0.009999999999999998
0.021,0.018,0.0030000000000000027
0.02,0.021,0.0010000000000000009
0.019,0.02,0.0010000000000000009
0.021,0.019,0.0020000000000000018
0.017,0.021,0.004
0.012,0.017,0.005000000000000001
0.009,0.012,0.003000000000000001
0.01,0.009,0.0010000000000000009
0.018,0.01,0.007999999999999998
0.024,0.018,0.006000000000000002
0.03,0.024,0.005999999999999998
0.04,0.03,0.010000000000000002
0.041,0.04,0.0010000000000000009
0.025,0.041,0.016
0.01,0.025,0.015000000000000001
0.003,0.01,0.007
0.011,0.003,0.008
0.025,0.011,0.014000000000000002
0.024,0.025,0.0010000000000000009
0.006,0.024,0.018000000000000002
0.005,0.006,0.001
0.025,0.005,0.02
0.032,0.025,0.006999999999999999
0.025,0.032,0.006999999999999999
0.018,0.025,0.007000000000000003
0.017,0.018,0.0009999999999999974
0.02,0.017,0.002999999999999999
0.012,0.02,0.008
0.002,0.012,0.01
0.007,0.002,0.005
0.023,0.007,0.016
0.04,0.023,0.017
0.053,0.04,0.012999999999999998
0.067,0.053,0.014000000000000005
0.242,0.067,0.175
0.424,0.242,0.182
0.177,0.424,0.247
0.061,0.177,0.11599999999999999
0.079,0.061,0.018000000000000002
0.31,0.079,0.23099999999999998
0.61,0.31,0.3
0.82,0.61,0.20999999999999996
0.993,0.82,0.17300000000000004
1.18,0.993,0.18699999999999994
1.311,1.18,0.131
1.292,1.311,0.018999999999999906
1.277,1.292,0.015000000000000124
1.27,1.277,0.006999999999999895
1.076,1.27,0.19399999999999995
1.079,1.076,0.0029999999999998916
1.24,1.079,0.16100000000000003
1.464,1.24,0.22399999999999998
1.672,1.464,0.20799999999999996
1.762,1.672,0.09000000000000008
1.785,1.762,0.02299999999999991
1.648,1.785,0.137
1.719,1.648,0.07100000000000017
1.812,1.719,0.09299999999999997
1.746,1.812,0.06600000000000006
1.604,1.746,0.1419999999999999
1.567,1.604,0.037000000000000144
1.664,1.567,0.09699999999999998
1.848,1.664,0.18400000000000016
1.971,1.848,0.123
2.14,1.971,0.16900000000000004
2.126,2.14,0.014000000000000234
2.074,2.126,0.052000000000000046
2.538,2.074,0.46399999999999997
3.06,2.538,0.5220000000000002
3.155,3.06,0.09499999999999975
3.145,3.155,0.009999999999999787
2.931,3.145,0.21399999999999997
2.705,2.931,0.22599999999999998
2.943,2.705,0.238
3.276,2.943,0.33299999999999974
3.482,3.276,0.2060000000000004
3.615,3.482,0.133
3.842,3.615,0.22699999999999987
4.172,3.842,0.3299999999999996
4.437,4.172,0.26500000000000057
4.438,4.437,0.0009999999999994458
4.211,4.438,0.22699999999999942
4.001,4.211,0.20999999999999996
4.003,4.001,0.0019999999999997797
4.057,4.003,0.05400000000000027
4.086,4.057,0.028999999999999915
3.974,4.086,0.1120000000000001
3.986,3.974,0.01200000000000001
3.713,3.986,0.27300000000000013
3.303,3.713,0.41000000000000014
3.14,3.303,0.1629999999999998
3.147,3.14,0.006999999999999673
2.82,3.147,0.32699999999999996
2.599,2.82,0.22099999999999964
2.626,2.599,0.02699999999999969
2.727,2.626,0.10099999999999998
2.86,2.727,0.133
2.777,2.86,0.08299999999999974
2.631,2.777,0.14600000000000035
2.442,2.631,0.1889999999999996
2.49,2.442,0.04800000000000004
2.407,2.49,0.08300000000000018
1.973,2.407,0.43399999999999994
1.621,1.973,0.3520000000000001
1.419,1.621,0.20199999999999996
1.361,1.419,0.05800000000000005
1.231,1.361,0.1299999999999999
1.131,1.231,0.10000000000000009
1.158,1.131,0.026999999999999913
1.386,1.158,0.22799999999999998
1.723,1.386,0.3370000000000002
1.926,1.723,0.20299999999999985
2.03,1.926,0.10399999999999987
1.892,2.03,0.1379999999999999
1.54,1.892,0.35199999999999987
1.335,1.54,0.20500000000000007
1.295,1.335,0.040000000000000036
1.21,1.295,0.08499999999999996
1.153,1.21,0.05699999999999994
1.19,1.153,0.03699999999999992
1.171,1.19,0.018999999999999906
1.073,1.171,0.09800000000000009
0.848,1.073,0.22499999999999998
0.816,0.848,0.03200000000000003
0.731,0.816,0.08499999999999996
0.614,0.731,0.11699999999999999
0.433,0.614,0.181
0.296,0.433,0.137
0.214,0.296,0.08199999999999999
0.099,0.214,0.11499999999999999
0.072,0.099,0.02700000000000001
0.051,0.072,0.020999999999999998
0.017,0.051,0.033999999999999996
0.002,0.017,0.015000000000000001
0.014,0.002,0.012
0.03,0.014,0.016
0.032,0.03,0.0020000000000000018
0.026,0.032,0.006000000000000002
0.027,0.026,0.0010000000000000009
0.038,0.027,0.011
0.041,0.038,0.0030000000000000027
0.041,0.041,0.0
0.04,0.041,0.0010000000000000009
0.031,0.04,0.009000000000000001
0.022,0.031,0.009000000000000001
0.007,0.022,0.015
0.002,0.007,0.005
0.0,0.002,0.002
0.0,0.0,0.0
0.013,0.0,0.013
0.001,0.013,0.012
0.0,0.001,0.001
0.025,0.0,0.025
0.05,0.025,0.025
0.077,0.05,0.026999999999999996
0.083,0.077,0.006000000000000005
0.081,0.083,0.0020000000000000018
0.15,0.081,0.06899999999999999
0.337,0.15,0.18700000000000003
0.428,0.337,0.09099999999999997
0.38,0.428,0.04799999999999999
0.44,0.38,0.06
0.248,0.44,0.192
0.058,0.248,0.19
0.043,0.058,0.015000000000000006
0.055,0.043,0.012000000000000004
0.071,0.055,0.015999999999999993
0.058,0.071,0.01299999999999999
0.027,0.058,0.031000000000000003
0.0,0.027,0.027
0.0,0.0,0.0
0.0,0.0,0.0
0.0,0.0,0.0
0.0,0.0,0.0
0.0,0.0,0.0
0.0,0.0,0.0
0.0,0.0,0.0
0.0,0.0,0.0
0.0,0.0,0.0
0.0,0.0,0.0
0.0,0.0,0.0
0.0,0.0,0.0
0.0,0.0,0.0
0.0,0.0,0.0
0.0,0.0,0.0
0.0,0.0,0.0
0.0,0.0,0.0
0.0,0.0,0.0
0.0,0.0,0.0
0.0,0.0,0.0
0.0,0.0,0.0
0.0,0.0,0.0
0.0,0.0,0.0
0.0,0.0,0.0
0.0,0.0,0.0
0.0,0.0,0.0
0.0,0.0,0.0
0.0,0.0,0.0
0.0,0.0,0.0
0.0,0.0,0.0
0.0,0.0,0.0
0.021,0.0,0.021
0.054,0.021,0.033
0.122,0.054,0.068
0.56,0.122,0.43800000000000006
0.996,0.56,0.43599999999999994
1.674,0.996,0.6779999999999999
2.397,1.674,0.7229999999999999
3.007,2.397,0.6100000000000003
3.306,3.007,0.29899999999999993
3.424,3.306,0.11799999999999988
2.535,3.424,0.8889999999999998
1.671,2.535,0.8640000000000001
1.005,1.671,0.6660000000000001
0.69,1.005,0.31499999999999995
0.537,0.69,0.1529999999999999
0.308,0.537,0.22900000000000004
0.055,0.308,0.253
0.016,0.055,0.039
0.008,0.016,0.008
0.013,0.008,0.004999999999999999
0.029,0.013,0.016
0.035,0.029,0.006000000000000002
0.036,0.035,0.000999999999999994
0.036,0.036,0.0
0.023,0.036,0.012999999999999998
0.025,0.023,0.0020000000000000018
0.031,0.025,0.005999999999999998
0.034,0.031,0.0030000000000000027
0.028,0.034,0.006000000000000002
0.013,0.028,0.015000000000000001
0.0,0.013,0.013
0.0,0.0,0.0
0.0,0.0,0.0
0.0,0.0,0.0
0.0,0.0,0.0
0.0,0.0,0.0
0.0,0.0,0.0
0.0,0.0,0.0
0.0,0.0,0.0
0.0,0.0,0.0
0.0,0.0,0.0
0.0,0.0,0.0
0.0,0.0,0.0
0.0,0.0,0.0
0.0,0.0,0.0
0.0,0.0,0.0
0.0,0.0,0.0
0.0,0.0,0.0
0.0,0.0,0.0
0.0,0.0,0.0
0.0,0.0,0.0
0.0,0.0,0.0
0.0,0.0,0.0
0.0,0.0,0.0
0.0,0.0,0.0
0.0,0.0,0.0
0.0,0.0,0.0
0.0,0.0,0.0
0.0,0.0,0.0
0.0,0.0,0.0
0.0,0.0,0.0
0.0,0.0,0.0
0.0,0.0,0.0
0.0,0.0,0.0
0.0,0.0,0.0
0.0,0.0,0.0
0.0,0.0,0.0
0.0,0.0,0.0
0.0,0.0,0.0
0.0,0.0,0.0
0.0,0.0,0.0
0.0,0.0,0.0
0.0,0.0,0.0
0.0,0.0,0.0
0.0,0.0,0.0
0.0,0.0,0.0
0.0,0.0,0.0
0.0,0.0,0.0
0.0,0.0,0.0
0.0,0.0,0.0
0.0,0.0,0.0
0.0,0.0,0.0
0.0,0.0,0.0
0.0,0.0,0.0
0.0,0.0,0.0
